﻿<?xml version="1.0" encoding="UTF-8" standalone="yes"?>
<addon id="plugin.video.exodusSDP" version="2.0.46" name="Exodus[COLOR green]S[/COLOR][COLOR yellow]d[/COLOR][COLOR red]P[/COLOR]" provider-name="OMaluco">
	<requires>
		<import addon="xbmc.python" version="2.19.0" />
		<import addon="script.exodus.artwork" version="1.0.4" />
		<import addon="script.exodus.metadata" version="1.0.0" />
		<import addon="script.module.urlresolver" version="3.0.0" />
		<import addon="script.module.metahandler" version="1.0.0" />
		<import addon="script.module.requests" version="1.0.0" />
		<import addon="plugin.video.youtube" optional="true" />
		<import addon="script.module.beautifulsoup4" version="4.3.2"/>
		<import addon="script.module.t0mm0.common" version="1.0.0"/>
	</requires>
	<extension point="xbmc.python.pluginsource" library="exodus.py">
		<provides>video</provides>
	</extension>
	<extension point="xbmc.addon.metadata">
		<summary lang="en">ExodusSDP</summary>
		<description lang="en">Fork do addon Exodus para sources tuga</description>
		<disclaimer lang="en">The author does not host or distribute any of the content displayed by this addon. The author does not have any affiliation with the content provider.</disclaimer>
		<platform>all</platform>
		<news>- Tweaked  metadata</news>
	</extension>
</addon>
